listing_id,property,unit,neighborhood,bedrooms,floor,available_date,lease_months,cat_allowed,in_unit_laundry,monthly_rent_usd,mandatory_monthly_fees_usd,fee_breakdown,parking_terms
ALD-104,Marketline House,7B,River Market,2,7,2026-09-10,12,yes,yes,2450,80,Water $35; trash $20; building fee $25,Optional garage at $140 monthly
ALD-207,Harbor Loom Flats,4C,Old Harbor,2,4,2026-09-01,12,yes,yes,2380,165,Water $40; internet $60; amenity fee $65,Street permit or optional lot
ALD-318,Quayside Foundry,5A,Old Harbor,2,5,2026-08-30,12,yes,yes,2425,135,Water $35; internet $55; amenity fee $45,No reserved space
ALD-422,Lantern Court,6D,River Market,2,6,2026-09-25,12,yes,yes,2300,100,Water $40; trash $20; building fee $40,Optional garage at $125 monthly
ALD-533,Basin Row,1A,Old Harbor,2,1,2026-08-20,12,yes,yes,2320,80,Water $35; trash $20; building fee $25,Optional surface space
ALD-641,Copper Arch,3E,River Market,2,3,2026-09-05,12,no,yes,2410,80,Water $35; trash $20; building fee $25,Optional garage at $130 monthly
ALD-756,Ferryman Lofts,8F,Old Harbor,2,8,2026-09-01,12,yes,yes,2350,110,Water $40; internet $45; amenity fee $25,Optional lot at $115 monthly
ALD-863,Canal House,2D,River Market,2,2,2026-08-25,10,yes,yes,2370,100,Water $40; trash $20; building fee $40,No reserved space
ALD-974,Juniper Terrace,6A,Juniper,2,6,2026-08-15,12,yes,yes,2290,100,Water $40; trash $20; building fee $40,Optional garage at $120 monthly
ALD-985,Dockyard Commons,3C,Old Harbor,2,3,2026-09-01,12,yes,no,2390,110,Water $40; internet $45; amenity fee $25,Optional surface space
