id,title,collection,status,captured,review_on,source_label,tags
K-101,Retrieval Before Review,Learning,active,2026-03-04,2026-09-01,Learning log 2026-03-04,memory;retrieval-practice;testing
K-102,Expanding Review Gaps,Learning,active,2026-03-11,2026-09-03,Book notes chapter 4,memory;scheduling;spaced-practice
K-103,Interleave Similar Problem Types,Learning,active,2026-03-18,2026-09-05,Course debrief week 6,discrimination;interleaving;practice
K-104,Error Log as Question Bank,Learning,active,2026-04-02,2026-09-08,Weekly review 2026-04-02,error-log;reflection;retrieval-practice
K-105,Explain Without Jargon,Learning,active,2026-04-10,2026-09-10,Tutoring notes 2026-04-10,comprehension;elaboration;explanation
K-106,Highlighting Color Code,Learning,archived,2025-11-08,2026-10-01,Old study template,color-coding;recognition;study
K-201,Two-Minute Inbox Sweep,Workflows,active,2026-02-14,2026-09-02,Capture routine 2026-02-14,capture;inbox;triage
K-202,Friday Reset Checklist,Workflows,active,2026-02-28,2026-09-06,Weekly operations note,planning;review;weekly-reset
K-203,Meeting Notes by Decision,Workflows,archived,2025-12-19,2026-10-04,Team notebook retrospective,decisions;meetings;notes
